pdb_id,interaction_energy,hc_motif_energy,hc_non_motif_energy,lc_motif_energy,lc_non_motif_energy
1A14_1,-4.66047,0.6267540833333333,0.8389426814814813,0.05843636363636366,0.7113520590322581
1A2Y_1,-4.31649,0.91971672,1.60011753773585,0.8486870454545454,1.4847979927083337
1A3R_1,-17.5147,0.64202936,1.283109353271028,1.553331566666667,1.3257053890243904
1ADQ_1,-1.96437,0.8551510111111112,0.6665341144366199,0.2966683,1.1040789036999994
1AFV_1,-1.7881,0.005236750000000012,0.712915904,-0.02380733333333333,0.7373710603564356
1AHW_1,7.2713,-0.20012746666666673,0.4996449487096773,-0.11978864285714295,0.3477925822916667
1AI1_1,5.90371,-0.5061583117647059,0.7808513805309731,0.3321370769230769,0.7358431063366337
1BGX_1,27.8872,0.48780775409090915,0.8427787309859154,0.5528306000000001,0.9186094720408163
1BJ1_1,-6.27002,1.0347647904166666,1.4719217656565655,1.0049169999999998,1.1141735933653842
1BVK_1,-4.84564,0.08813672727272728,0.7750735257142853,0.9292764545454545,0.8546358859793816
1CE1_1,-0.384712,1.34914483,1.604358537514851,0.35606512500000004,1.1939400107843139
1CIC_1,-10.5262,0.48704537499999995,1.2145245416666677,2.1322557142857144,1.0654581409473682
1CIC_2,-10.5262,1.1198659159999997,1.0500265067647059,0.2959434733333334,0.8641038829787235
1CU4_1,-7.03025,0.29788614705882344,0.66785532,0.9393743636363637,1.2668584377777778
1CZ8_1,-8.07536,1.0004049959999997,1.351539314693878,0.909902,1.1332699436190479
1DVF_1,-5.59287,0.7855033499999999,1.244505488415842,0.22249024999999995,1.2211659763636364
1E4X_1,-10.818,0.9945833529411763,1.1702293505154637,1.7831468947368423,1.4065334437777777
1E4X_2,-9.13034,0.7628531000000001,0.9562173821052633,1.397609294736842,1.3571789539888885
1E6J_1,-9.3049,0.7728544285714285,0.9223922589898993,1.3423644000000001,0.8821844734313724
1EGJ_1,2.91489,0.49091055,0.14207419970000007,-0.20209010000000002,0.6113460372549019
1EJO_1,-0.863602,0.9845577499999999,-0.19730158999999983,-0.20671701111111107,1.2694884318947368
1EO8_1,-4.27682,0.5285926857352938,0.7239494720000001,1.7073953333333334,0.44986994326923074
1F58_1,-8.3162,1.232903276923077,1.537969254545455,0.79196875,1.29596912970297
1F90_1,-8.88242,0.3489019692307693,1.0520373638095237,0.18382023636363634,1.046729355339806
1FBI_1,1.20472,-0.09091178636363635,0.7107448329999998,-0.5119628,0.6337443807692307
1FDL_1,-11.0276,0.52806124,1.460412371603773,1.0729294444444444,1.140309701
1FE8_1,-10.3809,1.7827115384615384,1.0634151334375,1.2468585500000002,1.2681195516853936
1FJ1_1,4.53934,-0.3657656153846153,1.029316541,-0.37917586000000003,0.9156201735955058
1FNS_1,-11.039,1.2100433375000001,1.2011272586423845,1.3141702222222222,1.0928680679999998
1FPT_1,4.47495,0.4111649882352941,1.023227781553398,-0.5488670714285716,0.8241038259999999
1FRG_1,-7.01383,1.2135884277777775,0.9289221235294117,0.5869956928571429,1.178314668316832
1FSK_1,10.3691,-0.9141902777777778,0.21016848710000005,0.58430561,0.08686299595959597
1G7H_1,-3.75694,0.5045336181818182,1.449107681904762,0.7078030000000001,1.221610658163265
1G7I_1,-6.74449,0.6159149899999999,1.4727006897169816,0.8861902090909091,1.375474693645833
1G7J_1,-6.64494,0.90413701,1.5654323886274506,0.6910244000000001,1.4205614340206187
1G7L_1,-6.39248,0.8757263,1.3258741330000006,0.47260945454545455,1.1587596135416667
1G7M_1,-7.78161,0.806265109090909,1.4148121133333331,0.8753912,1.2344921734693872
1G9M_1,-9.61636,0.22965035294117647,1.072918337837838,3.078583333333333,0.6644429711926603
1GC1_1,-4.60843,0.4146778333333332,0.9596224309090912,2.69198,0.5764722119999998
1GGI_1,-5.81977,1.0043171333333334,1.0283058816513762,0.737107041666667,0.7890849762921349
1H0D_1,-14.1153,0.9276459052631579,1.2511024637254904,0.9064561083333335,1.2048037405940595
1HI6_1,28.8665,0.16405385789473673,1.1013367967741936,-0.06833777777777778,1.0667667791208795
1I8K_1,-12.245,1.155761705882353,1.2989626616071421,0.661275375,1.3093245428571427
1I9R_1,13.1739,-1.7806277058823528,-0.30949737290983587,-1.68851664,-0.4138656865384615
1IAI_2,-0.623226,-0.006373099999999976,0.6020708647524751,-0.21886763636363638,0.626031093877551
1IC4_1,-9.4695,0.7748344638666665,1.2441922156602043,1.0799170571428571,1.1646274817204303
1IC5_1,-9.65829,1.442754657142857,1.3462262323232317,0.6422002000000001,1.2342604285555558
1IC7_1,-11.002,1.2346827333333334,1.1606451785714287,0.92789153,1.2489411107526887
1IFH_1,0.238465,0.6489483944444445,1.226524430392157,0.6248522857142857,0.958170296759259
1IKF_1,1.47291,1.01694624,1.2328623186440675,0.0,1.017760975636364
1IQD_1,-9.07507,0.7088913618181819,1.0693898402293573,0.2239686333333334,1.303607229894737
1J1O_1,-8.143,0.67531944375,1.4749124484536082,0.6652497294117647,1.3911217822222215
1J1P_1,-7.71422,0.6782335625,1.4238158226804127,0.8183887764705884,1.405091512
1J1X_1,-8.1105,0.3381263000000001,1.4559808350515466,0.7227503682941175,1.4857147344444448
1JHL_1,1.38167,0.3525185625,0.7348300371,0.9497398333333334,0.8286429852941178
1JPS_1,-15.2025,0.89895762,1.6847564195652176,0.8848012399999998,1.365444363
1JRH_1,-10.8905,0.69835487,1.2894389908823525,0.9947791936363634,1.1348495835051544
1KB5_1,14.5795,-0.20254199999999997,0.5146936841836737,-0.8447808428571426,0.5882097684210527
1KC5_1,-8.84397,0.6131915,0.5263101156862744,0.4102712857142857,0.4453629107843138
1KCR_1,18.3797,0.23351635294117662,0.5715653444444445,-0.296717037,0.2185997681818182
1KCS_1,-8.9138,1.184328214285714,0.4530686970588235,-0.14732179999999997,0.5004135137254903
1KEN_1,10.6011,-1.938541090909091,-0.548814794495413,-0.4702759,-0.23461932400000002
1KIP_1,-9.21311,0.8594607181818182,1.5192614274285718,1.2918177333333334,1.1726261765306125
1KIQ_1,-4.86787,0.6859164090909092,1.4286918514285714,1.2119515333333335,1.3669208873469385
1KIR_1,-2.82902,0.7702562300000001,1.5277811889622641,0.7958012454545454,1.2179934516666668
1KTR_1,-5.23766,0.6190629375,1.1582025193877548,1.2543848888888889,1.2415590778947374
1LK3_1,-5.42629,1.7910374944444445,1.1127403465346535,0.6669028888888888,1.2025816535353535
1MHP_1,15.7945,0.1009077894736842,0.45005329399999966,-0.7925836799999999,0.6294730751612903
1MLC_1,4.61897,0.8803560736842106,0.8594904246391751,-0.36682687499999983,0.36542802178217826
1MPA_1,1.22608,0.7273095263157894,0.8988800225490197,-0.19229154384615382,0.9560576386138615
1MVU_1,-9.01526,0.9011489818181818,1.1669624945454544,0.4589604570666669,1.1852871382474222
1N0X_1,-5.00716,0.8388934166666666,1.0043521607826085,0.3755013666666667,1.2883265972448983
1N64_1,-4.77522,-0.10277216666666678,1.1307731869000002,0.3127930714285713,0.7689878069306929
1N8Z_1,0.0615296,1.1507133333333333,1.1560784313725485,-0.3785508928571429,0.6911000375
1NAK_1,1.77925,0.2951716000000001,1.0383483517699124,0.5957393684210526,0.9432224425263157
1NBY_1,4.80368,1.1142546941176468,1.0135007440000001,-0.555208702142857,1.19441648
1NCA_1,-8.35462,1.1494781159999998,1.017292802105263,0.6989747142857142,1.2730296750526318
1NCB_1,-11.1186,1.0782416842105267,0.9215363311881187,0.17008500000000004,1.2835989431578951
1NDG_1,-3.58374,1.32183025,1.1235598049777782,0.10368294999999997,1.2791759032258063
1NDM_1,14.5121,-0.029047333333333376,0.813967592142857,-0.6578921428571428,1.0573919115789472
1NFD_1,6.63231,-1.1936990588235292,-0.09772217184466017,-0.50475566,-0.10807963333333327
1NL0_1,-9.10035,0.2083942272727273,1.2058025000000003,0.09628329999999993,0.8325927385436896
1NMA_1,-3.69893,0.4521555384615383,0.8259530733027525,0.2908873636363637,0.7668003204081633
1NMB_1,-3.2042,0.6925680499999999,0.9571046163636364,-0.054252818181818145,0.5488210724489796
1NMC_1,-7.31282,0.9099854166666667,1.2816883482727273,0.4144650658333335,0.9846558050515465
1NSN_1,9.9293,-0.9988257500000001,-0.5105170920792076,-1.7031279999999998,0.3774725275757578
1OAK_1,-4.95039,-0.03188235789473683,0.8013325512040136,1.1764738222222222,0.826633901
1OAZ_1,7.8341,0.6166363250000001,1.303810872368421,-0.29885342857142855,1.2485633035445545
1OB1_1,8.29506,0.24640914999999994,0.643837448,-1.0111131000000002,0.7097707619999999
1ORQ_1,-6.17612,-0.22778791249999997,0.20759405542553194,-0.6697420000000001,0.26744566398148156
1ORS_1,-6.45847,0.10389414285714281,0.8418380932692309,2.2234000000000003,0.8405131644859813
1OSP_1,-2.23979,0.37505550000000004,1.1913824517857143,0.8142054073333332,0.9650317671276596
1P2C_1,-0.837565,1.114472789473684,0.9590869908800888,0.41187799999999997,1.1139517806930694
1P4B_1,-9.23583,1.2896114285714286,0.7791659468367347,0.6780246,0.9941507690425533
1PG7_4,-6.70385,0.8209882613999997,1.3073466500000004,1.0970654545454543,1.0652511790099006
1PKQ_1,20.1993,-0.7993923043478262,0.47071917894736837,-1.2789671636363638,0.4684266293333335
1PZ5_1,-5.58122,0.8918241166666667,1.3017985781249999,0.4361998846153847,1.1209342104000002
1QFU_1,-11.0702,1.089880334693878,0.5597270424657534,0.7851273285714286,0.699062934883721
1QFW_1,5.15177,-1.2556928116666666,-0.3689040215217392,-0.16344441666666668,0.08920384999999999
1QFW_2,5.3739,0.05783429411764698,0.4835966614563106,-0.35110502307692293,0.5691574170212765
1QGC_1,-2.61094,0.6239731350000002,0.3526374177419357,-0.31433208333333346,0.7625936653465346
1QKZ_1,-3.4028,1.538840504347826,1.1702907604166668,0.38057800000000014,1.1631509584158415
1QNZ_1,10.7233,-0.6533778275862069,0.19734575870370374,-0.07760275000000001,0.5461145069999997
1R0A_1,-5.27645,-0.5473353333333333,0.6820401323809523,0.3286856666666667,0.27326656708737873
1RJL_1,-5.47941,1.3053416666666666,0.5928916948453606,0.22790920000000003,1.2039282586538465
1RVF_1,15.8956,-2.263977913333333,-1.5095261438202252,-2.0063658571428573,-2.2819787782178227
1S78_1,-9.51496,0.7253761538461537,1.0465821044776118,0.35656299999999996,1.2381492192156862
1SM3_1,-5.02491,1.2455572727272726,0.9920327603773585,1.2850209625,1.1718190006796114
1SY6_1,-4.76833,1.049332455,1.1760601860606064,0.7578653428571428,1.0116127650000004
1TET_1,-4.03958,0.2636788,1.0988762242574257,1.416979,1.2483624134999998
1TQB_1,-5.85602,0.9502656735294119,0.5745039315151521,0.7076306423076922,1.0788604153409094
1TZH_1,-5.20958,1.0834935833333332,0.924426488818182,-0.5013929,1.0596168555555556
1TZI_1,-0.157954,1.1073336666666667,0.5395300034188033,-1.43704,0.5658919173148147
1UAC_1,-1.3616,0.5961918666666667,0.7804059594897959,0.35673792142857136,0.8894251118279567
1UJ3_1,-16.4829,1.7565258833333335,0.9414406656907903,0.3058764285714286,1.3933227552083336
1UWX_1,-3.8028,0.90982915,1.101221112745098,0.7794077142857143,1.1509648816666662
1V7M_1,0.788806,0.20932660000000006,0.837166671782178,0.5454758055555555,0.9859815373333332
1W72_1,-9.83755,0.8829159357142855,1.4908867097222227,0.5451173538461538,1.2227641193877548
1WEJ_1,-11.6825,1.0759737142857142,1.2466987936893204,1.6776410153846155,1.3261584307291658
1XGP_1,2.80757,1.1149217785714287,1.2934952981919194,-0.5794534375,1.2105732806451615
1XGQ_1,6.03246,1.131884,1.2081380046464651,-0.5461023868750001,1.3040882053763438
1XGR_1,5.90195,0.7925581176470589,1.2835054187500006,-0.35420331250000003,1.2782559215053768
1XGT_1,5.82105,0.7488567411764706,1.3906290569791666,-0.19817301249999994,1.1923104419354837
1XGU_1,7.52239,1.125950457142857,1.2442241545454542,-0.6614524249999998,1.23663465483871
1XGY_1,0.305442,0.5225054777777778,0.547558489814815,0.2920413125,0.838837992857143
1XIW_1,-9.07004,1.384251547826087,1.235222488888889,1.3796676071428575,1.1951978935897436
1YJD_1,-2.69279,0.60231075,0.22820990514563105,-0.5241176666666667,0.6198003049999999
1YNT_1,11.2016,-0.9453406363636362,0.4852285110057472,-0.3809273846153847,0.34772991875000003
1YQV_1,-3.12115,1.5013414904761906,1.3983926154736839,1.1404814,1.2207677438144326
1YY9_1,-3.80051,0.4759302666666667,1.183217190480769,-0.4378648115384615,0.8425777474226802
1Z3G_1,-1.15141,0.55905969,0.45430294612903227,-1.03887,0.8669164600934577
1ZA3_1,-3.40564,-0.2206798518518518,0.6637141784313724,-0.18081,0.819459306185567
1ZTX_1,-6.55475,1.02233981,0.7894436465349999,-0.42044612499999995,0.8653532448514847
2A6I_1,57.5043,-1.0077062631578948,0.6721820450980392,-1.764973333333333,0.7432136216981131
2ADF_1,-19.0316,1.8622860785714284,1.3457458956313981,0.1936045714285715,1.4085830787234046
2AEP_1,-8.68052,0.954579,1.5651069223232323,0.6123836363636364,1.2704489948979591
2AEQ_1,11.4708,-3.6324238749999997,0.30071158500000034,-0.4690744545454546,0.45005096874999984
2AP2_1,-5.98629,-0.11305444444444432,0.902828575728155,0.011023133333333223,0.9281469461855671
2ARJ_1,-2.42308,0.7814010666666668,1.539298068627451,0.5058685,1.0150010217683167
2B1H_1,-8.9773,1.8704454166666666,1.2557881673275866,1.0679611999999998,1.1165293267326732
2B2X_1,6.84063,1.1051977,0.6099406926829263,0.33650725,1.0214840028124998
2B4C_1,-7.05487,0.858469396153846,1.3364551788461538,0.967332175,1.0139046214953271
2BDN_1,-2.64729,0.5320216099999999,0.8798652791666667,0.8709654454545454,0.8727478377551019
2BRR_1,-2.43827,1.6239948047619048,1.3900921574257423,2.2504466666666665,1.292972298971963
2CK0_1,4.72182,-0.3469400000000001,1.0222499201923072,-0.20974232307692306,1.0155491394059406
2CMR_1,-10.0403,0.8310104028571429,1.0105072575000003,0.6237738749999999,1.0789851032352942
2DD8_1,-5.36756,0.5096566666666664,0.982763009127148,0.2074486789999999,1.1015114099999999
2DQC_1,-6.43781,0.56189598125,1.2721589164948455,0.7281507705882353,1.477859247777778
2DQD_1,-1.75693,-0.044791268421052556,1.3764700150000004,0.6224643062499999,1.4376857639560436
2DQE_1,-6.04855,0.5215740000000001,1.4001743804123716,0.80518403,1.4708421922222217
2DQF_1,0.615143,-0.03312866153846158,0.42871123600000005,0.4952301500000001,1.163471468131868
2DQG_1,-6.45368,0.7379128,1.0967052010204088,0.46040257857142863,1.1964124084946235
2DQH_1,0.630318,0.09941888888888889,1.1761646753684212,0.43147559411764713,1.375361349555555
2DQI_1,-6.43217,1.1650111285714286,1.3817954838383841,0.41064680624999994,1.3496044285714288
2EH8_1,1.02466,-0.43137171428571414,0.785111651851852,0.1454834761904763,0.9860646220212761
2EIZ_1,4.27112,0.268911625,1.5249484752577322,0.891481,1.3459577508791207
2EKS_1,2.68647,0.038485312500000035,1.4134664250515463,0.6914726947368423,1.242965705681818
2FD6_1,-3.06191,1.1107397812500002,1.0994280696078433,-0.891191,1.0320436770000003
2FJG_1,-1.84071,1.2661627777777777,1.12752669882353,0.084738,0.9831891359223298
2FJH_1,-5.2785,1.033432272727273,1.0661383575757577,-0.8509654615384614,0.8663223835051547
2G5B_1,1.16274,0.1270331095238095,1.4327430779816506,-0.3998788461538461,1.1578798811881188
2GSI_1,-0.135015,0.39598509523809516,0.7152609699999999,-6.465910083333333,0.6951750828118812
2GSI_2,3.00909,0.44886309999999996,0.853889920612245,-4.328098249999999,0.68540551990099
2GSI_3,-1.002,0.39883166363636363,0.8785497663157895,-0.42295745454545464,0.7639154412254902
2H1P_1,-1.43355,-0.391467075,0.2919502045045046,-0.7085035294117646,0.589720587628866
2H9G_1,-8.89443,0.9826568777777779,1.4891243506666667,0.9037471111111112,1.0958450930693076
2HFG_1,-17.318,1.3078427208333332,1.2588627287128715,0.823286375,1.0936602070588233
2HH0_1,-0.2668,1.0833127695652174,0.9381871529473687,0.9583000833333334,1.05775807628866
2HKF_1,-7.41953,1.2301065565217393,1.551851054520548,1.2475932857142857,1.4491783130000002
2HMI_1,3.00136,-0.816146,0.4028999076190476,-0.7009521624999999,0.39097880801980195
2HRP_1,-9.334,0.8966231304347826,1.1171516568627446,0.6542248333333334,0.9857817326732675
2I9L_1,-2.69775,0.30251938095238107,0.8248574989795923,-0.3564338833333333,0.9744176040740741
2IGF_1,-4.18878,0.5366275238095238,0.8681517122448982,1.066152090909091,0.9405856417475733
2IH3_1,-7.42411,1.2997720666666668,0.9550698276595747,-0.15208455555555558,1.0694337830999998
2IPU_1,-10.5364,0.7433927894736844,1.689971284615385,1.2192360714285717,1.5136827910000006
2J4W_1,-5.36924,1.1118116,1.118993531060606,1.0156462000000002,1.1761325893137256
2J6E_1,4.90719,0.2713202631578947,0.6537622101597447,-1.4405725666666664,0.299886257596154
2J88_1,-13.058,1.1236318666666667,1.4654799287128715,0.749399192,1.2729787040243903
2JEL_1,-3.57206,1.0403454894736839,1.446090184747475,1.4056732428571428,1.2746481179999996
2JIX_2,1.75223,0.16248276875,0.47412886829999984,-0.34199241666666674,0.6462787002040814
2LTQ_1,8.78126,0.11784728888888887,0.47932112879381444,-1.1296457857142859,0.6219260646534652
2LTQ_2,0.459605,-0.688191216,0.3753139324561405,-0.6611410071428573,0.36234898811881194
2NR6_1,-6.47985,0.7680105666666664,1.09215317631579,0.25132301875000007,0.9751305780645165
2NY1_1,-13.2675,0.4183694117647058,1.3675474414414415,3.0988633333333335,1.2404114409174314
2NYY_1,-9.12697,1.0454304705882353,0.8755249595000001,0.8358571722222223,0.8819189514583335
2NZ9_1,-4.99021,0.7071002058823529,0.8962010950000001,0.962109611111111,0.6361672833333335
2OQJ_1,-1.20671,0.26360562000000004,1.2351116594067786,0.1406173333333334,1.3378010061855672
2OR9_1,-6.89654,-0.017561091666666723,0.43470904514563113,1.0197494575,0.7279127487619048
2OSL_1,-2.15051,0.18220340909090904,0.9328924696638655,0.47786805000000004,0.8246181633980583
2OTU_1,0.823181,1.6118032500000001,1.3404514811320756,0.298601411764706,1.153927087628866
2OZ4_1,-8.86819,1.1498365172413794,1.0449443586000005,1.689072857142857,0.990850936105263
2Q8A_1,-11.279,0.7769742870769231,1.3603585127659574,1.192643511,1.3251941677777774
2Q8B_1,-17.1333,1.1692329898461538,1.4122516580851063,1.1868962349999996,1.2412004755555552
2QAD_1,-6.49571,0.7660739722222223,0.6844488999999998,-0.734807085714286,0.6477432154368931
2QHR_1,-2.74218,0.6545744476190474,1.3974954936283188,1.3879827333333332,1.3230985291262134
2QQK_1,-8.90406,0.8624576736842104,1.4438458949523807,0.8461403000000001,1.1577545837735848
2QQN_1,-6.42068,1.02045525,1.2185610543589742,1.220453190909091,1.2087773611111108
2QR0_1,-2.69766,1.335943,1.0514578764705882,1.019097,0.863682284761905
2QSC_1,-13.8386,0.23426827142857148,1.3466458046153844,0.88434785,1.1757989857142856
2R0K_1,1.81235,0.7046755869565218,1.0949754046478872,0.49538725,0.8459092680769231
2R0L_1,-12.7188,1.8483464863636363,1.5137163989473683,0.7866178571428571,1.3289639145631074
2R0W_1,-2.75661,0.06143154210526321,1.0916474794230766,0.7718162142857142,1.078505824
2R0Z_1,-4.99208,0.6272908473684211,1.5584355360576927,0.7432057857142856,1.35937071
2R29_1,13.5705,-1.2251983999999998,-0.27551928963730576,-0.16603278571428584,-0.5946245555555556
2R4R_1,4.06292,-0.06447710526315786,-0.08647702013333332,-1.092542725,-0.041321543820224696
2R56_1,7.34702,0.7918326312499999,0.8196268904761911,0.20029916666666667,0.8225932703571429
2UZI_1,-10.5603,0.9337978476190477,1.2478530446236553,0.8080597,0.6003189507368422
2V17_1,-3.78687,-0.21151081,1.0231739908983049,0.28051699999999996,1.1964503377551021
2VH5_1,-12.3069,0.9793339473684212,1.246256928421053,0.26819428571428566,0.9059889481443296
2VIT_1,-3.04491,0.4342170530000001,0.8989037794117647,0.0,0.8161234645045047
2VWE_1,-12.9837,0.6265451761904762,1.1334715827051285,-0.12086733333333334,0.7176516846808508
2VXQ_1,-12.9683,1.7496773684210527,1.0426970395918367,0.014052812499999956,1.1718617180851063
2VXT_1,-13.5175,1.6207208095238095,1.3455940652173912,1.2324386666666665,1.3536375534090903
2W65_1,2.3585,0.33663390909090923,1.3513204271875,1.2630507692307693,1.3925750722772274
2W9E_1,-3.68538,0.6835436315789474,0.6296468596938778,0.5986567818181819,1.00979607371134
2WUC_1,-5.4762,0.8958589719999998,1.4335484696630436,-0.37788501249999984,1.1714817947352942
2XQB_1,-13.7084,0.5773688095238095,0.9253622851923075,0.21987600000000004,0.5939045891304348
2XQY_1,-12.6879,1.3525868085106378,0.9614564714542052,1.0628570416666665,1.280904109803922
2XRA_1,-13.025,0.9440078571428572,0.7373323209933776,0.13018725000000003,0.9586615775728154
2XTJ_1,-9.3285,1.5318063181818184,0.8017706161253563,1.3848336666666665,1.0273357316831682
2XWT_1,-9.71807,1.2900676500000001,1.6067187642105265,0.5058250043478261,1.4247315044943822
2XZQ_1,14.7064,0.5043772142857144,0.5494046433962262,-0.4578838125,0.8403935480208337
2Y06_1,6.82,0.2543598235294118,0.6538674105825243,-0.7720948,0.8737199921568625
2Y07_1,16.4032,0.08193576190476191,0.5822924131313131,-0.8715728888888887,0.786434740776699
2Y36_1,7.56941,-0.12452678571428574,0.5777475898989901,-0.8611881666666666,0.6808975792452833
2Y5T_1,-8.15429,0.8973844090909092,1.359774146391752,0.35431130000000005,1.4341142059999998
2Y6S_1,-0.654654,0.8461828611111111,0.7929064518181818,0.20949043684210528,0.6058248498936167
2YC1_1,-3.6447,1.1548234285714287,1.232073073125,-0.016070155555555545,1.1367012224489792
2YPV_1,-6.66682,1.041098035,1.2181601636363637,1.4165343846153848,1.4560068529955208
2YSS_1,2.57131,0.18635805555555546,1.2684935008421054,0.6194819500000001,1.0531834440860215
2ZCH_1,-9.20653,0.8659221913043477,0.8414741131313132,-0.20943616666666665,0.9865181009900987
2ZJS_1,-4.12737,1.231113194736842,0.9579130343999996,-0.6335694615384616,0.639692740625
2ZPK_1,-9.33905,2.5382428,1.6304847689999997,1.3260329,1.410867851485149
3A67_1,-7.9738,0.5514063468749999,1.2589122020618557,0.7688708923529411,1.436082300711111
3A6B_1,-10.6906,0.4291867374999999,1.3665640855670107,0.6304352357142857,1.466296745161291
3A6C_1,-10.1548,0.4415951124999999,1.3279132356701033,0.9849350792857142,1.402911121505376
3AB0_1,-4.42632,0.8352388966666666,1.191894027722772,-0.052137509090909084,1.1303925831914894
3B2U_1,-7.45584,1.8218345555555555,1.2863620807432448,0.3079911538461539,1.1672383502061852
3B9K_1,-3.40451,-0.010378043749999934,1.4617497990099015,0.13395038750000007,1.1048517004000005
3BAE_1,-1.04175,0.8376997333333333,1.3692061932038833,1.1015959285714285,1.5503697910000003
3BDY_1,-8.56594,1.6136463333333333,1.4960330071296297,1.1785614285714285,1.3450814701000005
3BGF_1,-0.0372909,0.43819565263157895,0.93874368227758,1.3467757500000002,0.975482469523809
3BKY_1,0.362118,-0.29352491666666664,0.6864967546086955,0.004056666666666671,0.9450589912621363
3BN9_1,0.916199,0.5031855793103449,0.9679227507070708,-0.7596417500000001,0.9562087570588236
3BQU_1,19.3488,-2.9432004857142857,0.8454777727272729,0.0,0.331294670818182
3BSZ_1,15.4487,-0.7806229090909091,-0.18192590093457942,-1.2526321875000002,0.15778977835051547
3C09_1,8.71491,0.06587356000000004,0.8902981272473866,0.07172241250000004,0.817026748712871
3CSY_1,2.28583,-0.4861648333333334,0.5710161699029125,-0.35253479374999996,0.5768286838383837
3CVH_1,-5.88822,0.767648947368421,1.2349378267326734,0.7166961000000001,1.1583838046938781
3CX5_1,-8.34801,1.1026540068181818,0.8460113935897436,0.029249000000000035,0.7505735
3CXD_1,-9.78357,0.7878442142857144,1.0587193137254902,1.2444615864,1.0521227882352944
3D0L_1,-6.71132,0.7368549000000001,1.3525060142857144,0.783692142857143,0.8747405614583333
3D85_1,-9.02375,1.2257891904761904,1.3551772936170208,2.082512875,1.2526585107843142
3D9A_1,2.65743,0.36543944444444454,1.1215816710714284,0.10621470714285709,1.3115083736842104
3DRQ_1,-6.56154,0.8669164444444444,1.2372166571428571,0.6418966666666667,0.9901961386138616
3DVG_1,0.937757,0.583493761904762,1.3145366316161615,0.02463486470588238,1.209755572527472
3DVN_1,6.82855,0.34378442857142866,1.054753393939394,-0.5168029000000001,0.9083588082222227
3E8U_1,-6.65203,1.2859784130434784,1.3156184382978724,0.32742138416666666,1.3163952359405935
3EFD_1,2.45001,-0.07789811333333337,0.3581678854014598,0.024031833333333436,0.7279305374999999
3EFF_1,21.1652,-1.7523232666666668,-0.18658078788990815,-3.178581,-0.34838564355769236
3EOA_1,-6.65295,1.327595876,0.9379052157142862,1.134648,1.1122850768518522
3EYF_1,-7.57759,1.2430619545454547,1.4590172139805824,2.1409967272727273,1.0777799577999998
3EYS_1,-2.70566,0.5610420415789474,1.67909798875,1.1069316153846154,1.4461356722772283
3FFD_1,-7.65559,0.15093705263157875,1.2577539212121212,0.2933659411764706,1.038432472277228
3FMG_1,3.14692,0.2948526636363637,0.5720961145454546,2.05343,0.4882869822429906
3FN0_1,-10.8153,1.511430820833333,1.5762068082727267,0.0,1.398574882242991
3G04_1,-7.55067,0.8119794318181818,1.2900841682525257,1.0361714833333333,1.3534826084210525
3G5V_1,-2.496,1.0591477866666665,1.5484173406837605,0.8825205454545455,1.4232702071428567
3G5Y_1,-1.01063,0.9781236666666667,1.5440426350427348,0.5089905454545455,1.3742970086734694
3G6D_1,-6.85375,0.7643912484615385,1.295518267155964,0.006966037500000119,0.8466635138297872
3G6J_1,-2.66743,1.1291121490566043,0.7058154861562176,2.8936680000000004,0.9945907504761902
3GBM_1,-14.8415,1.7207221666666666,1.1425602908256878,0.0,0.7927786218090912
3GBM_2,-8.30843,1.6338267499999997,1.2066069406422018,0.0,1.0364100036363637
3GBN_1,-13.1786,1.6550770833333335,1.36771460174312,0.0,1.0668047081249996
3GGW_1,-6.64895,1.1847482999999999,1.3655101619047616,0.6444029333333334,1.250521515454545
3GHE_1,-14.9733,0.8824849124999999,1.335271139017858,0.7427075384615385,1.087395637118812
3GI9_1,-6.70951,1.2821256693333332,1.5072835448979591,2.4097839999999997,1.1799273809090907
3GJF_1,-9.80338,0.727790168,1.5897578176595744,1.4360220625,1.2785648031249999
3GO1_1,-13.4496,1.5624481090909093,1.6200496552631578,1.3512859157894737,1.2383102548351645
3GRW_1,-15.071,1.2101885564583335,1.0926126970877195,1.5491061111111113,1.2954537461386135
3H0T_1,-7.18435,0.6831835999999999,1.2419395906542052,0.36453657777777776,0.802756077884615
3H3P_1,-12.94,1.4254439033333335,1.1062069323684212,0.2784041428571428,1.1877705501960785
3H42_1,-9.54396,1.3161386693877555,1.3806736175675671,0.9105014,1.4102598749999997
3HAE_1,0.89239,1.25067816,1.1510601723404257,0.6913217647058822,0.3528137093684211
3HB3_1,-0.465667,0.7854298454545455,0.6367057941176469,0.11623992857142859,1.1396306702127659
3HI1_1,-3.92661,0.6477245073014705,1.6310679927272722,-0.19398754285714284,0.9364850913461539
3HI6_1,-6.50445,0.6829842000000002,1.229475561649123,0.8015364545454543,1.1158385587628865
3HMX_1,6.6773,0.35908866687500013,1.1560509273239437,-0.2124961818181818,0.4784952141414142
3HR5_1,-0.4751,-0.2149200588235294,1.3934498970000002,-0.3761938571428571,1.1570334605940593
3I50_1,-2.18233,0.47599749999999996,0.5298202733333335,0.0,0.16485060841121504
3IDG_1,-6.31142,0.9896837519999999,1.1554019084112148,0.7151704444444446,0.7624981940594058
3IDX_1,-8.33908,0.48437918625,1.2369543893269233,0.0,1.0757339465765763
3IET_1,1.94311,-0.2749084545454546,1.2333145181415928,-0.11455852727272725,0.9831583344117651
3IFN_1,-5.26191,0.84465123125,1.4882046624999996,0.8586064600000001,1.4725102613861383
3IFO_1,-10.6745,0.8463642349999999,1.3767911932038837,1.0157267942857142,1.3823517703960397
3IFP_1,-4.66873,0.12116052631578961,1.3927006514563107,0.8812884285714285,1.2719695782000005
3IU3_1,-0.182267,0.6069190124999999,1.2104033689655171,-0.27269779166666663,0.9123779846631577
3IYW_1,198.375,-5.638042783333332,1.5234084704081632,-0.86873975,1.2688606933333333
3J1S_1,2.45963,-0.8705916933333334,-0.5733674176886034,-1.31450715,-0.11462711359223299
3J70_1,19.9371,-0.43284895,0.6186964032967034,0.8153482166666667,0.6174822455294118
3J8V_1,60.2911,-1.422627409090909,1.0378718371134024,-3.4399300000000004,1.0243059859134618
3J8W_1,337.873,-4.4193359999999995,1.0490347326315788,-17.967544966666665,1.3739646129999996
3J8Z_1,66.6479,-0.99518,1.2208887279569893,-2.885377854545455,1.3089962822330097
3JAB_1,25.0253,-2.804963134545454,0.34211355358123546,0.0,1.0023526835779815
3JAU_1,12.2048,-0.2464269176470588,0.672829018803419,-0.6507138333333334,0.7841418533333334
3JBA_1,4.83953,0.32329067391304356,0.9158859021739133,0.0,1.262651419824561
3JBQ_1,17.1462,-2.349102,-0.2813441997674419,0.0,0.1386004601851852
3JCX_1,10.0715,-0.019597272727272685,-1.2694644860096151,0.0,-0.4678892736792453
3K2U_1,-6.61115,1.3828942307692307,1.571482034456522,-0.19565415384615384,1.0944875989690717
3KJ4_1,81.4757,-5.0575404375,0.7210555582524273,-1.9323285555555556,0.6615938457142859
3KJ4_2,1.59657,-0.3093478454545455,0.8112449647619046,-1.2767813111111108,0.5526612209523809
3KR3_1,-11.9946,1.3512521999999998,1.2782294774509808,0.6511155555555557,0.8576332049504947
3KS0_1,-5.6907,0.7686455357142857,1.0341299203883498,0.5902697125,1.0645836115384617
3L5W_1,-8.44104,1.4409230272727276,1.4215789054545456,0.19283024999999998,1.208826303773585
3L5X_1,-7.71757,1.558375090909091,1.6525623861467889,0.25126689999999996,1.2254717537735849
3L95_1,-7.33809,0.5592415000000001,0.7062090736075947,0.8485963333333334,0.576393574736842
3LDB_1,-1.5314,0.22279445,0.773638911764706,0.6261994168421052,0.8574884706250002
3LEX_1,-3.95161,2.0456707,1.452705030088495,1.1088933,1.3371470216129038
3LEY_1,-3.37329,2.0437873000000004,1.391025920175438,1.1796827333333335,1.4279979182795701
3LH2_1,-18.162,1.7106432642857146,1.2211590704255315,0.5688482307692307,1.2446195436458332
3LH2_3,-14.8141,1.58846771875,1.4083303407340428,0.9296924,1.3810234585106382
3LHP_1,-14.025,1.4007853625,1.3269339460219782,0.47874411111111104,1.1368272117647058
3LIZ_1,-4.3862,0.7141457619047619,1.3598727326530609,0.9799570000000001,1.519740395098039
3LQA_1,30.167,-0.6328964761904762,0.2197241307692307,-1.9968690000000002,0.46310910970873803
3LZF_1,3.55799,-1.293106327272727,0.5204959447692308,0.6161100882352942,0.6974515666666665
3MA9_1,-16.6372,1.1648721130434783,1.3384681468750002,0.6175718909090908,1.1525073891919193
3MAC_1,-19.2604,0.7550901892857143,1.2540355831868135,0.22142725,1.0821893186274507
3MJ9_1,10.9309,0.591007233802817,1.0755541844444445,-0.11147014500000005,0.6829119566666668
3MLT_3,-7.98563,1.1397441,1.0109039122807018,0.3939890230769231,0.9710631827450978
3MLW_1,-8.7053,0.6908784192307693,1.007382717948718,0.40693216842105256,1.0786237823958338
3MLY_1,-10.0966,1.4229092810909094,1.3291895071428574,1.7669593875,1.2547911240384617
3MNW_1,-8.09652,1.1239654780487804,0.9391997426966294,0.7966184692307693,1.073463637584158
3MNZ_1,-5.62437,1.1929044642857143,1.2526944235294122,1.0440302,1.1127962893203889
3MXW_1,-8.17501,1.28550425,1.4205673140186916,0.4913932857142857,1.181723002916667
3N85_1,0.693938,1.2797857523809524,1.3266375281249998,1.4712554999999998,0.820650835192308
3NCY_1,7.89297,0.8110452941176471,-0.17455956116504853,-0.042885153846153864,0.44526123894736847
3NFP_1,1.02922,1.0565560689655171,1.0817262094252873,0.2760861083333333,1.0981185298969074
3NH7_1,6.56698,0.6189152615384614,0.6614578382352942,-0.20522105555555553,0.7751927326086958
3NPS_1,-5.05793,1.3342082857142856,1.3102222906730765,0.4606794761904761,1.2791275888068179
3O2D_1,-7.29336,0.6900916774193546,1.289649428901099,0.32231457857142853,1.0817565939603961
3O41_1,-2.60078,1.0497239285714284,1.459895849827586,1.173370375,1.277991204950495
3O6L_1,-6.36696,0.8557854444444444,1.3764751949494949,1.0178481400000001,1.29259372020202
3OPZ_1,-4.44144,2.0570797333333335,0.9958702524509804,-0.13983759333333332,1.1298960505376339
3OPZ_2,-4.00373,2.1734195866666663,0.9333847116504853,-0.07610793333333335,1.2067696139784951
3P0Y_1,-10.452,1.1753836258333334,1.4842920615189004,0.06177033333333334,1.261035707692308
3P30_1,-0.538175,0.47055104042553186,0.6027123460122696,0.56131425,1.0519873286538457
3PGF_1,-17.6193,1.666819950952381,1.3818776375510204,0.17674125,1.255688792857143
3PJS_1,27.5176,-1.8939533333333332,-0.5018946522935781,-4.23388324,-0.505010888235294
3PNW_1,-7.7952,1.5519723333333333,1.2280623205590062,1.1202921636363636,1.2623225349504952
3PP4_1,-6.37961,1.4454975861111108,1.1784135093599997,1.4497659333333333,1.4278382671
3Q3G_1,7.90391,1.5753727095238095,1.088666366068966,0.9459540775,1.169912974736842
3QG6_1,3.05131,1.0607327333333332,1.420405399879518,1.34416805,1.2234698566265065
3QNZ_1,1.24234,0.646123125,1.3807424267619044,0.49404121538461526,1.25146585
3QO0_1,5.29137,0.76481,1.3142604061607142,0.32041369999999997,1.3562531332352938
3QUM_1,10.3602,0.15570817368421053,-0.007316881818181843,-0.10407607142857145,0.032193943200000005
3QUM_2,19.8317,-1.1083502863636363,-0.31420108315789497,-0.45298439999999995,-0.3413664360194175
3QWO_1,-11.5868,1.9353440000000004,1.4968246066037725,1.7499094666666666,1.3403934287234038
3R08_1,1.94627,0.7500799230769233,0.7867063333333333,0.9619722857142856,0.7138338303921566
3R1G_1,4.89754,1.1362402599999997,1.2522679572463766,-0.015061166666666681,0.8767899048076923
3RAJ_1,5.95599,-0.8533677000000001,0.5477136022935779,-0.41503549999999995,0.07262623168316827
3RKD_1,-10.7132,0.8745629675,1.1461484435880003,1.7418205555555557,1.1467464665000007
3RVV_1,-8.2352,1.109756625,1.6154982144036703,0.17201787499999996,1.4839272119801974
3S35_1,-2.29088,1.1648660500000003,1.1566344349377995,0.4895867894736842,1.2264180489361702
3S37_1,2.34496,-0.46604060869565206,0.8309030060891092,0.09705633333333334,1.1073038381
3SDY_1,-1.29516,0.5014050099999999,0.9339127927083332,-0.2155745,0.5930219478952381
3SE9_1,1.43599,1.2171989000000005,1.2002600591304347,0.058241391249999996,1.0709695085416666
3SGE_1,-10.3008,0.3957519666666667,1.579721859793815,1.5452939545454547,1.3524586828260872
3SKJ_1,-7.01241,0.607359125,1.1882881989285714,-0.42709875,0.8462155386792455
3SO3_1,-10.7376,0.729633759090909,1.579663775048544,0.7769840235294118,1.3104057280208332
3SOB_1,-7.45565,0.6317021538461538,1.5191945853982303,0.7433613,1.3978854470873787
3SQO_1,1.84542,0.30530844444444444,0.7762831276000003,-0.2776354166666667,1.0311128648351653
3T3P_1,-10.2877,1.2597839166666667,1.2815058401869155,0.5577378823529413,1.2213808969565216
3THM_1,-13.6879,1.1615671096774194,1.3595338466336628,0.9461407411764706,1.4843431739583337
3TJE_1,-10.371,0.8135721838709677,1.2465071014851483,1.3418876666666668,1.391457819387755
3TT1_1,-3.25261,0.3899027391304347,0.8147810734693877,-0.6214482,1.0916535898148145
3TT3_1,8.86332,0.026780408163265327,0.32411370724637684,0.1338322384615385,0.6061795176
3TYG_1,0.890716,0.5543653500000001,1.3581913761290323,0.0,0.9427549579439255
3U0T_1,-7.99331,0.7825324563157894,1.0749786508247423,1.0016704363636362,1.145944831612903
3U2S_1,-0.109163,0.9817792,0.9681608435576927,1.27712925,1.1706297601851854
3U30_1,-7.44444,0.12198470000000008,1.1801780966019417,1.0780977875,1.1942397813431376
3U7Y_1,0.44522,1.3485012718749998,1.3595642554347827,0.3988148425,0.7567054819387754
3U9P_1,-9.64929,0.84563665,1.1939227096153846,1.68996125,1.1155147716842106
3U9P_2,-9.25758,0.773587025,1.3894274504672894,1.6346134615384615,1.0205456031250002
3U9U_2,-4.4739,0.6798489083333333,1.1494841475700934,0.2912317499999999,1.3669846169811317
3UBX_1,-10.1531,0.45405299999999993,1.3711714789999996,-0.8369809999999999,1.2844067172524272
3UC0_1,-4.55163,0.5702057083333331,1.3824167787878785,0.07263639999999998,1.4845372133333339
3UJI_1,-17.7989,1.3173401599999999,1.248434126724138,2.004559888888889,1.264114693
3UJJ_1,-11.4247,1.6297225000000002,1.3447306560000005,0.8517648133333332,1.2771327693750003
3ULU_1,0.437142,0.5736350434782609,1.3164513030612248,0.48451884615384616,0.9852383780412367
3ULU_2,8.66238,0.43552494166666667,0.9338047236363638,-0.48912159214285705,0.789206268736842
3ULU_3,6.22686,0.6642781111111112,1.3249437792079206,0.002349230769230736,0.7686226500618559
3V4U_1,-5.66114,1.6154839375000003,1.2567386812871286,0.9888458666666669,1.4444694950495047
3V4V_1,-1.82118,0.9805949230769231,1.127890110740741,0.24519116666666663,0.954394028703704
3V6O_1,-10.7873,1.0293075214285714,1.291823991411972,1.391092,1.317846104123711
3V6Z_1,-4.30877,0.7351195000000001,1.3911895885714287,0.12762956842105264,1.0151018247422683
3V7A_1,-11.0325,0.6452903863157896,0.7855259118048782,1.01116771,0.8083222122000001
3VE0_1,0.833284,1.2502569650000004,0.3612059640243902,-0.42707400000000006,0.7255149554455443
3VG9_1,0.637952,0.566301974,0.8187695554054051,0.6453942352941175,0.9159284469565215
3VI3_1,1.07649,0.828861147826087,0.964042920105263,0.38778676190476197,1.3887762288172039
3VRL_1,4.60116,0.338125858095238,0.48012793643678153,0.02245957142857142,0.8726911918627455
3W2D_1,10.9998,-0.4038290592,0.35378403124999985,-3.7052947499999997,-0.38169423333333335
3W9E_1,-14.849,1.2782705493333333,1.5667488085106378,0.12276319999999999,1.1478384377
3WD5_1,9.61356,-0.5190549615384614,0.9358953962962964,-0.5133449526315789,0.8766603680219781
3WFD_1,-5.57087,1.2475216999999998,0.9964541891336542,0.6352233181818181,1.0472921772448973
3WHE_1,9.38236,-0.344349706,-0.41747470720720725,0.2801976666666666,0.141671081
3WIH_1,-12.1677,1.4760994545454549,1.4577611307407412,1.6610038181818176,1.2621216653061227
3WKM_1,-9.38581,1.3782923567999998,1.2287844855421686,0.5195449333333335,1.3369890780434779
3WLW_1,-2.59552,-0.09850825,0.707974131958763,-0.47129199999999993,-0.12289585904761903
3WSQ_1,9.24633,-0.8876215590000003,0.2299017275510203,-1.4337133666666668,0.1193906429906542
3X3F_1,-14.5921,1.2874023008333333,1.393538626470589,0.5585643076923077,1.4438715618556703
3ZKM_1,-14.2484,1.2593419285714285,1.600995682772278,1.1558689999999998,1.131758766989247
3ZTN_1,-8.45198,-0.028581225000000043,0.931439991743119,0.38775251250000004,0.6552000018867927
4AEI_1,-9.38537,1.0850810800000001,1.452002694736842,1.228766684210526,1.2521852863157896
4AG4_1,-11.807,2.5944067272727276,0.8889021609523807,0.71616502,0.7447551946236562
4AL8_1,-3.10626,1.1131185115384614,1.0782835687830692,0.9730494285714286,1.1632106176470587
4BH7_1,14.7824,-0.0458979789473684,0.598220814607843,-1.4004290000000001,0.33958811282352935
4BH8_1,18.8703,0.09796117333333329,0.8455362150943397,-0.18429725000000002,0.9057677327619049
4BKL_1,-9.94445,0.519607161904762,0.7402903714736843,-0.14871784999999998,0.6239912400000001
4BZ1_1,-5.60557,1.1256847333333333,0.9575414602760418,0.6735983611111112,1.1129522494845356
4BZ2_1,-11.7599,1.6714459076923076,1.2282468215714288,0.06371388888888888,1.3571735559999996
4CAD_1,-2.97456,1.0704631785714285,1.0812584302083335,1.125720727272727,1.179123045360825
4CMH_1,-22.0379,1.4328342920000003,1.3766346732142853,0.78398573125,1.2450716776595743
4CNI_1,-5.68229,1.222268611111111,1.4564242598039214,0.9438817692307692,1.419623689690722
4D3C_1,4.34517,0.34281429411764713,1.1612256808080805,0.8106000000000001,0.9700136171428572
4D9Q_1,-9.94736,1.3804692465217387,1.4162136428260872,0.6360486538461537,1.371330386904762
4DAG_1,15.6344,-0.6709579374999999,0.28601819528301886,-0.994935,-0.4364689491176471
4DGV_1,-11.75,1.037454888888889,1.3743529790476192,0.30695240000000007,1.295872816346154
4DKE_1,-10.8228,1.084437923076923,1.5309535540625003,0.13726466666666667,1.0444421897959184
4DKF_1,5.3821,-0.2346943,1.0204778485981307,-0.5315698571428572,1.0480157980582525
4DN4_1,-7.72157,1.7895824545454544,1.3216106420560751,1.0069453,0.980349475490196
4DQO_1,5.19051,-0.11721969285714287,0.7729126311004785,0.0,0.8986116122123895
4DTG_1,-7.94336,0.22046814285714292,1.4390652029999997,1.2240578181818185,1.2846111580769235
4DVR_1,-1.12101,0.20401316363636368,1.0725447680412372,0.13230637272727275,0.8744327127835052
4DW2_1,42.1926,-2.800438777777778,-0.8666005666666665,-2.818114326086956,-1.142832098850575
4EDW_1,-2.26913,1.0570122727272726,1.528415155454545,0.7745590818181818,1.354680473737373
4EDX_1,-9.57312,0.7512373166666667,1.4281924834951454,0.4960096133333334,1.1577760045744676
4ENE_1,-3.35274,0.48172163636363635,0.9785327638383841,-0.4177457777777777,0.223581943
4ETQ_1,2.72691,0.5553680776923077,1.5363730172043009,1.044180375,1.5247861259999993
4F2M_1,1.61181,0.520233,0.32606464676000013,0.9211439631578946,1.0111573731666668
4F37_1,11.8073,-0.6819661,0.3971692538,-0.5955963076923079,0.43263014851485143
4F3F_1,-9.12417,1.0811664923076922,1.047823476086957,1.085331205882353,1.0658803043478255
4FFV_1,0.403892,0.5224428478260871,0.9947523127659575,-0.04033160000000001,0.6002967682692305
4FFW_1,5.98748,0.418939056,0.9329773303260872,-0.2849424363636363,0.8057784519387757
4FFZ_1,-4.90849,1.5608882222222222,1.1581951902487313,0.27809017058823526,1.2646612662500003
4FP8_1,0.901577,0.5783518095238096,1.2915885965517242,0.0,1.345127826818182
4FQI_1,-12.0293,0.8882789230769232,1.2204924111111113,0.0,1.277137913513514
4FQJ_1,-5.92776,1.7012240444444444,1.1182238996261682,-0.5593571249999999,0.9555473233333339
4FQK_1,12.5679,0.9315427411764706,1.137691159814815,-0.6100435333333334,0.9721371470093455
4FQY_1,55.9097,-2.4655062777777785,1.306940240582525,0.0,1.2687975522522517
4G3Y_1,-0.625573,-0.03407622758620691,1.1956426408791208,0.6539845625,0.9942925968085109
4G6A_1,-7.76373,1.508784276875,1.1089807569298247,1.5716778363636363,1.2509601664705887
4G6A_2,-3.34377,1.003331425,1.1645274162831856,1.4015097272727273,1.3216140166666668
4G6J_1,-8.50515,1.4353334444444448,1.6210847590000004,0.9078655307692307,1.2950401412371135
4G6M_1,-12.5478,2.0649663333333335,1.6627199620370374,0.7887831428571429,1.5017236845833335
4G7V_1,-6.84291,1.1495165,1.251873038938053,0.5875389999999999,1.1419869116842103
4G80_1,3.06479,0.0699362909090909,1.084064842920354,-0.9660273333333333,0.8956800192307693
4GAG_1,-5.83007,1.6351922499999998,1.4658892123008846,1.521105909090909,1.2822442335294115
4GAJ_1,-3.22139,0.40391559090909085,1.231490790096154,0.8947185454545454,1.182239443137255
4GLR_1,-9.13583,0.46048429999999996,1.5942992491379304,0.6473945000000001,1.5301767825242716
4GMS_1,-6.13188,0.4797479411764705,0.9579449900000001,0.14167845714285715,0.7214564970588235
4GMS_2,-3.9811,0.4523773058823528,0.9723851813000001,-0.2526917142857144,0.7019320460784314
4GXU_1,2.21737,0.6902531428571427,1.3377177654545458,-0.8107302857142857,1.147321727184466
4H88_1,-6.23323,0.4701482727272727,0.9321648653809524,1.4352005,1.3339559737373736
4H8W_1,-13.0598,1.2849667058823528,1.4923006862745098,1.0491911166666668,1.1556722387128708
4HC1_1,-1.58301,1.0578010833333333,0.9895312460000005,1.0121783529411765,0.9852278260869566
4HCR_1,-6.49761,1.0271893153846154,1.1914977404081633,1.1110462857142858,1.3164504900396037
4HF5_1,-1.91051,0.5073098636363637,1.0828643360185182,0.045219599999999985,0.5258434587962963
4HFU_1,-5.00279,1.0486744411764708,0.9836325212380952,2.1700901666666668,1.0075533361904763
4HG4_1,0.111194,0.8482250714285716,0.8539527584905657,-1.3424077142857143,0.7314022150485436
4HG4_2,1.75942,0.7250795944444444,0.9192113892156863,-1.3238071666666666,0.8645119461538459
4HHA_1,-8.14976,0.9552662916666668,1.3348242362772282,1.6685162941176472,1.3839888812765957
4HJ0_1,7.26872,0.2835962354166667,0.8137071927536234,-0.7764167875,0.22465229484536078
4HLZ_1,-10.9096,1.5284167272727274,0.7262461434545456,-0.2795913,0.6083599656565656
4HPO_1,-17.9965,1.8606122275862071,1.4266915991071427,0.6412943505833334,1.2320104534653462
4HPY_1,-17.86,1.202697848,1.4395179504761904,0.96844525,1.3426468934065934
4HS6_1,-6.74058,1.0832865,1.3802092149537033,1.5749414545454548,1.3925395543689316
4HS8_1,-9.71947,0.6113404705882353,1.2116901138461538,0.4194336666666667,1.2331688045098042
4HT1_1,1.11167,0.3910588642857143,1.100146786886792,0.28985,0.9345205316
4HWB_1,-11.4717,1.6105638809523808,0.9417182344711539,0.7411380833333334,1.3890500736842095
4HZL_1,-2.52085,0.8992942800000001,1.011422082727273,0.5026778823529413,0.8314193422680415
4I18_1,-3.52003,0.5327583270833333,0.9095461779220776,1.0882762,0.8780942271028035
4I77_1,-9.59192,1.8391615555555556,1.2883765240000002,0.6966557,1.1710313346153847
4IDJ_1,3.23419,0.0471589724137931,0.5082656041666667,-0.011992666666666688,0.3813611728971963
4IJ3_1,-10.2571,1.8266742374999998,1.2388314650980397,0.2829158666666666,1.2749619860638302
4IOF_1,-2.74404,0.5160987647058825,0.6790855436363638,0.0,0.3952859326923077
4IOF_2,2.172,-0.3204908705882352,0.4415376508928572,0.0,0.32905225740740746
4IRZ_1,5.57781,1.019904083018868,1.0688852428571427,0.4381875666666666,0.884433752173913
4J4P_1,2.49952,0.02811030545454546,0.5394304298777505,0.20113440000000005,0.8276304180612246
4J6R_1,3.54571,1.2585490757575757,1.6223876770114933,0.3399281853846154,1.414552240860215
4J8R_1,10.3993,0.6503765416666666,0.5983379284536082,-0.2799285,0.6867478882352941
4JAN_1,7.42985,0.8966155343749997,0.6472132230188679,-0.3949985454545455,1.0995731315789474
4JDT_1,15.2747,-0.9727372173913045,0.6651193463917526,-0.7695006666666666,0.4642453737373738
4JFX_1,-7.28905,1.0117976555555555,1.5679180681372547,-0.056377571428571346,1.3163016281553395
4JFZ_1,-8.38166,1.1991907495238094,1.6042686353535351,0.7505633571428572,1.2473913364077671
4JG1_1,-7.12571,1.3629920700000002,1.5373654038613866,0.9931329857142857,1.151218297281553
4JHW_1,0.586729,0.7247150444444446,1.1953921088888892,0.8444988080000001,1.1897208163157893
4JKP_1,-4.20662,0.8751653828125001,1.0198461576086957,0.08212239999999997,0.8456219051546388
4JLR_1,-8.27737,1.5968653666666668,1.4360716507407414,1.3365679583333334,1.2120807422680409
4JM2_2,0.310074,-0.39176566666666673,0.6644911822580645,0.0,0.5466006577981651
4JO3_1,-10.1307,0.9050930357142855,1.3204240429729737,0.4154658555555556,0.9100934625
4JPK_1,2.08178,1.23720696,1.128100153125,0.536034909090909,0.8910560673684207
4JPW_1,-1.35937,1.138654107142857,1.1165608204301078,0.6919687454545455,1.349910365263158
4JQI_1,-5.07226,0.7920283538461539,1.259379982641509,-0.4533471111111111,1.0998196693069304
4JR9_1,2.76875,-0.9743429285714286,1.0373117855769232,0.36347708333333334,0.8315230421568629
4JZJ_1,-5.26418,0.9734294041666666,1.1684483261458334,0.3974811399999999,1.02742666950495
4JZO_1,-11.006,1.3545936111111112,1.2604590432432439,1.2187713333333334,1.0709065177083337
4K24_1,19.9567,-6.828753500000001,-2.3105362897196273,-4.17839,-1.3928392427272724
4K2U_1,-5.29721,1.1272993,1.21384335272449,0.5011443076923077,0.7491783529374997
4K3J_1,-6.96802,0.6591007777777778,1.2620155316831683,0.8791539157894734,1.2367030546391753
4K7P_2,-1.77187,0.08831481481481472,1.2457982515463915,-0.07243963333333336,1.020016817307692
4K8R_2,-5.16702,0.9000459516129032,0.9921020607894742,1.3322798333333334,0.9603716355769231
4K94_1,-9.75133,1.68895265,0.9979928617013891,0.5005642222222223,0.6705114890000001
4K9E_1,-5.3683,1.2890574520833336,0.7844316157251902,0.44733511111111113,0.4929052068932038
4KI5_1,-0.608403,0.28727450000000004,1.0834923845849798,0.3115731625,1.3669201349999995
4KI5_2,-12.7598,0.9959229090909093,1.0357904385826768,2.0033313999999995,0.7879440357142856
4KUC_1,2.73196,0.9016666150000001,0.7586590935051545,-0.5943383222222223,0.03604354299999998
4KVN_1,-6.78849,2.1353124,1.2342656703603603,0.7419873555555556,1.1814190771428572
4KXZ_1,-6.45103,1.1663408823529413,1.2297502461067962,-0.32174188333333337,1.4693006171428575
4L5F_1,1.09472,0.8649007333333335,1.1739690481715006,-1.0963725,1.2668012221212115
4LEO_1,-6.65572,1.1637653,1.1436013303030308,0.8399561714285712,1.3982246032352947
4LF3_1,0.0192731,-0.20540256521739145,0.9864790914285715,0.3746143333333333,0.7384127504807693
4LIQ_1,-4.31307,1.3141884580645162,1.5418829223529416,0.4481817,1.2443540767676768
4LKX_1,-7.56271,1.4322437772727272,1.55023998,1.1878405555555558,1.1290477531958762
4LMQ_1,-8.48895,1.118142888888889,1.3371803450980393,0.4963491111111112,1.2359793504950496
4LQF_1,-9.29235,1.5004747222222221,1.5105849776428573,1.4753776,1.437063213
4LSP_1,2.32049,1.1164312266666665,0.9946534375268814,0.4518199500000001,0.9510606597826093
4LSQ_1,3.71441,1.130606062962963,0.9323683652631578,-0.5850014769230769,0.9508066887096772
4LSR_1,5.06908,0.9502835166666668,0.9599684462365589,-0.6614260714285713,0.847124291956522
4LSS_1,4.60216,0.9680852666666667,1.3914359946808514,0.10966419999999996,0.9438003350515463
4LST_1,3.37022,0.9597606814814813,1.260870625531915,-0.29052829999999996,1.0325145456122449
4LSU_1,-2.35784,0.688620074074074,1.2059920819148937,0.8371966666666667,0.871551319489796
4LU5_1,-5.54408,1.5191538235294122,1.4598742454166673,1.775813176470588,1.4619780358333336
4LVH_1,24.1039,-1.1878486428571426,-0.3772684489622642,-0.7187848000000001,-0.10520473711340204
4LVH_3,18.6476,-1.7925974000000002,-0.6671809273584909,-1.3956356866666666,-0.5283731510416666
4LVN_1,-5.56343,1.4004274857142858,0.850853700850575,0.30105254545454546,1.1295132109090908
4M1C_1,-6.04045,0.761537294117647,0.6688179321100918,0.0,0.7424339788461537
4M1D_1,-14.4254,0.6505984583333333,1.5717517809917352,0.18803181300000005,1.4302265849999996
4M1G_1,-12.7447,1.366603397826087,1.6779251888888886,0.9248833478260868,1.4189229172413793
4M5Z_1,-0.612848,-0.10809722222222212,1.4922414148695653,0.06568809444444444,1.4823525225806453
4M62_1,-15.0268,1.656841815151515,1.3108855680851061,0.6104057142857143,1.3377210116504852
4M7L_1,8.04089,0.4627811666666666,0.41831815544554446,0.16743278333333333,0.7023259223877547
4M8Q_1,-15.5042,1.7533999806451614,1.1990540368085105,0.7980958571428571,1.428970969383839
4M8Q_2,-15.7073,1.591172817419355,1.090587470851064,0.7881543333333333,1.347954165
4MHH_1,11.5942,0.3697632500000001,0.4037412528846154,-0.11635693846153841,0.6335230109999997
4MHJ_1,20.1086,-0.18396220000000008,0.5903183871794874,-0.2482154285714285,0.6071240102040817
4MHJ_2,18.6073,-0.32765813953488365,0.6611737168831168,-0.6706758333333332,0.657390614
4MWF_1,-12.2423,0.5144644999999999,0.896772810255474,-0.07660663636363634,1.0645774455102046
4MXV_1,-7.72595,0.5707268181818183,1.1762137907291663,0.3981981538461538,0.8991146461855668
4N0Y_1,-11.9146,1.1194289320000002,1.2703529458558558,1.9254407,1.348531817441177
4N8C_1,-12.5318,0.867155238095238,1.2901430861836733,1.5797330714285713,1.3406327254455441
4N90_1,8.30684,-0.205742894736842,0.7044724402912623,-0.1735071850000001,0.7785254989010988
4N9G_1,-2.76711,1.1942081285714283,1.3152514471153842,0.6688094600000001,0.947461595
4N9G_2,-0.486953,1.1963811904761903,1.483963501386139,0.9261853,1.1344179250000002
4N9G_4,-5.93837,1.2088468571428572,1.1091508509999999,0.9816839555555555,1.1881163544554454
4NM8_1,6.95309,-0.5718560588235295,1.011368935576923,0.6344972142857143,0.8356545223853207
4NNP_1,-8.15827,0.8400394437500001,0.7467927568181817,0.08726462500000001,0.6099784892233009
4NP4_1,-3.56559,0.803845005,1.0831107909540532,1.5412462999999998,1.3285476393960398
4NRX_2,-12.3434,1.0732184285714288,1.0714145575000003,1.1003325414285714,1.1682788397087378
4O02_1,2.20688,0.45000132646808516,0.8149437056338027,0.8115569200000001,0.23683873085714274
4O4Y_1,-2.05378,1.9692015050000002,1.3952840391000008,0.22994928571428574,1.2902367203000003
4O51_1,1.4071,2.259853363636364,1.2229560624742273,0.5152388333333333,1.1375203685714284
4O58_1,-4.93732,0.9332865624999998,1.2226892808695649,0.0,1.1192897823008847
4O9H_1,-3.53853,0.15200996111111112,1.2960551541,1.412250777777778,1.2358856064077668
4OD2_1,10.0801,-0.07190612941176475,0.40143673846153843,0.287708385,0.7225407377777778
4ODX_1,12.8832,0.9060619696969696,1.090476932978723,0.5253534142857142,1.203968234705882
4OGY_1,-8.64577,1.685959,1.446910181757925,0.9133834545454547,1.2794666085714286
4OGY_2,-9.4983,1.3368586999999998,1.5042291481504702,0.8613382699999999,1.3210159252525255
4OII_1,-2.57307,1.0157182320754718,0.8610887184647307,0.479432588235294,1.259030479347826
4OJF_1,-11.017,0.86705535,1.4762366499999995,1.0997055941176468,1.4678458234693874
4OKV_1,-4.78901,1.7227904333333335,0.833498872987805,1.3646256576923075,1.4797279772727272
4OLU_1,7.03128,1.14805868,1.4682965979999993,0.16053050000000002,1.2220080447959183
4OLV_1,0.964475,0.9889247931034482,1.3062748442708332,1.2994615,1.0178082428571436
4OLW_1,5.14372,0.7061531538461538,1.0801183762626265,0.8234945,0.8904407583673469
4OLX_1,4.43707,0.8484688846153845,1.2186369068787877,0.13863975000000006,1.0885891428571433
4OLZ_1,3.19482,0.94407456,1.1337581480000003,-0.14134620000000003,1.1889160422680412
4OM0_1,4.20371,0.9261146206896551,1.3594892032291657,1.1535745,1.069431738163265
4OM1_1,4.17538,1.0355723461538462,1.505617798989899,0.24605000000000002,1.0907767101010097
4ONF_1,-9.19569,0.8983242909090908,1.5529912360515468,1.4190006470588234,1.5103143424742265
4ONG_1,-3.48972,0.7747202499999999,1.5568066948453605,1.0581666411764705,1.4700297865979384
4OQT_1,0.0418257,1.1467532266666667,0.8091014320388352,-0.09125176923076922,0.8673436915306123
4OT1_1,-9.98672,0.9497534000000001,1.1080741899563318,0.10526183333333326,1.1957257264150942
4P3C_1,-15.7137,1.332116340909091,1.4915954990825695,1.4886850625,1.443320408080808
4P59_1,-4.57069,0.8900426708333334,1.1485287510869568,0.9871097647058825,0.9815617766666671
4PLJ_1,24.033,0.905547245,1.2074407937751004,-1.4474062999999997,1.2004502985858585
4PP1_1,7.13565,1.1527142904761905,1.2456851919191922,-0.5948714285714285,0.9240779475247523
4PP2_1,-6.615,1.1369213666666664,1.4360360615841592,0.803504742,1.4066167414141417
4PS4_1,-6.73194,1.454092190909091,1.6723342889908257,-0.6679522,1.2756672000000004
4PY8_1,-6.08634,0.976220527027027,0.9210579882352938,0.871043,0.9586575731481479
4Q0X_1,-4.53052,0.7205656944444443,1.1346851559090916,-0.5207335454545453,1.0285420728155343
4Q5Z_4,-10.4745,0.553407375,0.8076698300000001,0.4842186256410255,0.40090625201515145
4Q5Z_6,-2.14762,0.7416540625,0.5508969882882883,0.0,0.7104093692307691
4Q5Z_8,-3.99745,1.0430757499999999,0.9016100587272728,0.0,0.6327399847211537
4Q6I_1,9.69035,0.09724808695652173,0.9106613044329895,0.08480455000000009,0.9814457217821785
4QCI_1,-19.4248,1.320605638095238,1.3599053777777776,1.2548477333333332,1.1571861510869568
4QEX_1,3.12489,-0.01102778970588237,0.9582031382978725,-0.3228114473684211,0.6055552263829785
4QHU_1,-15.9739,0.7165264583333334,1.5832204553398062,0.6568865615444445,1.4817717912087913
4QNP_1,0.794194,0.9975130000000001,1.0392062275409837,0.8495503333333334,1.1288109715053762
4QTI_1,0.161939,-0.5396872307692308,1.0071163761467892,0.34341966666666673,1.0206208260638294
4QWW_1,-6.57353,0.9833903333333335,1.46826176635514,1.0454510000000001,1.331685676530612
4QYO_1,-13.449,2.2864863636363633,1.4376156579611654,0.9091113769230769,1.3920220388235296
4R2G_1,-7.59818,2.124667125,0.8952969632520329,0.7551892500000003,0.7575444442307694
4R4F_1,-0.882981,0.1297194333333334,0.9012688297872341,0.5619354999999999,0.5803454878787876
4R4N_1,2.23672,0.2805574230769231,1.0640699776086955,0.8062423636363636,1.053822516632653
4R8W_1,-2.27877,0.6068924615384615,0.31903212872340453,0.1516679999999999,0.7713441201923078
4R9Y_1,3.79273,-0.10860600000000004,0.5811647663461541,-0.015907266666666715,0.5091645531914895
4RAU_1,-3.35209,0.6184054444444445,0.9785780642574256,0.012897769230769138,0.7417002156250002
4RAV_1,-12.7318,0.7258649449999999,1.2001337181052631,1.5651972755555557,1.0288591870297032
4RDQ_1,-5.51528,0.5850040476190475,1.279265087368421,0.4562057499999999,1.1328285232989692
4RGM_1,-10.7422,0.9600365272727274,1.3169866050505048,1.8587185714285712,0.9197078300970877
4RGN_2,0.952204,0.5705147307692309,1.0706897652173917,0.6633735388888888,1.0035768649484538
4RGO_1,-10.559,1.8192129090909093,1.483473501734694,1.4431075133333335,1.5486633263157898
4RIS_1,-15.6412,1.6851265291666664,1.3157893249999992,0.7297269333333333,1.0747625306930695
4RRP_1,-9.3634,0.8018823423076922,1.2569474354838708,-0.02904499999999995,0.8994350178217818
4S1R_1,7.90114,0.773422281818182,1.2413105405050502,-0.11396899999999995,0.923453072886598
4S1S_1,14.0676,0.810697556,1.0953972889999999,-0.9461957799999998,0.8929511529896906
4TNW_1,-4.57369,1.5690768433333335,1.0783361102803743,0.8300786461538461,1.087449186868687
4TQE_1,-13.8114,1.6723939148148148,1.2173741144545451,2.1874222000000003,1.4200545546767678
4TSA_1,-1.91015,0.919618153846154,1.2994249346153843,0.3641394285714287,1.2916115828571424
4TSB_1,-2.87108,0.7475385923076924,1.3656100766346149,0.7794822933333333,1.2709875611224488
4TSC_1,-4.87258,0.8147863307692307,1.3039516288461537,0.1305615,1.2803536860000007
4TTD_1,-3.0064,0.8887145076923079,1.328037191480769,0.6596508,1.2540570757575757
4TUK_1,-8.13049,0.715002345,1.3696835931521734,1.413886483870968,1.5299402024691362
4TUL_1,-7.18242,0.6018017,1.2775411648351649,1.448809529032258,1.532890424025
4U0R_1,-7.39807,0.7545092785714286,0.5801130956202535,2.301611,1.1164993382568809
4U1G_1,7.92203,0.855298954,0.4379502153785905,0.006027566666666669,0.9690947970297029
4U6H_1,1.81665,0.849965580952381,1.0477560938775514,0.6691600000000002,1.0428130342857143
4U6V_1,-10.0654,0.87937975,1.4804360307843139,1.0833042857142858,1.0039420833333332
4UAO_1,-10.848,1.194744769230769,0.9308428148421053,0.8436309133333334,0.7434267141489364
4UT6_1,-5.07039,0.6273376749999999,1.012229941818182,0.0,0.8259179238095238
4UT9_1,3.59506,0.5985649090909091,0.7841136818965515,0.46704011764705866,1.0331758721505373
4UTA_1,5.14054,0.17268814761904758,1.00912395,-0.019611142857142827,1.2695539884536082
4UU9_1,-15.7946,1.8044439411764706,1.4107716872641511,1.5709388000000002,1.3623137300000001
4UV7_1,-9.76707,1.6971271249999997,1.3194180673469387,1.0017725076923076,1.5214668382352938
4V1D_1,-0.417989,-0.0363710434782609,1.0361979712871288,0.0314835714285714,0.5270362683495146
4V1D_2,-3.00827,1.3104819047619047,1.1717656838541666,-0.2475094777777777,1.215723135918367
4WEB_1,-5.40309,1.0729525260869566,1.1248033193333333,1.7297463333333336,1.037063944727273
4WFF_1,-9.75563,1.333128411764706,0.9984217696969696,0.7937737777777777,0.877062011111111
4WHT_1,-6.66746,0.7235511333333332,1.0876228333333335,1.0884701769230767,1.4360374289195403
4WHY_4,-5.14728,0.8855441199999999,1.2751110252336448,0.965161181818182,1.1687658043956044
4WUU_1,-0.295352,0.6633523527272726,1.1035608666666672,0.2071811761904762,1.2416693230769227
4WV1_1,-7.79212,1.255573,1.0211876855769229,0.5200156666666667,0.9949019194230768
4XAK_1,-6.18243,0.7228424961538459,1.2072528798064512,0.881808,1.1017436514953272
4XAW_1,-15.0352,1.5500153296296295,1.3389089630630633,0.7655984444444444,1.400941220588235
4XC1_1,-10.543,1.439779921428572,1.3903956017699117,0.3814388571428572,1.5192869346153848
4XCF_1,-16.0752,1.5724075464285716,1.4849194300917432,0.5445065555555556,1.491345681176471
4XGZ_1,-7.85126,1.6226505904761908,1.3053523515463918,-0.23795026249999995,1.0978928581632652
4XH2_1,-11.4109,0.905554,1.4651554235789472,0.6074162300000001,1.1444583774736847
4XH2_2,-12.1798,1.100243318181818,1.497516377894736,0.13913668,1.0468975177083333
4XH2_3,-10.659,0.7754094999999999,1.443271047568421,0.14112411111111103,1.0405336743298967
4XHJ_1,-9.26839,2.0091008888888893,0.8787440909909908,0.5887383416666667,1.0643136628571432
4XI5_1,-0.952082,-0.1464927499999999,-2.4438699126666665,0.32864811363636365,0.3934193413131312
4XMK_1,-8.08239,0.5898148437499999,0.9838482599152542,1.1964129083333332,1.0499642901960782
4XMP_1,5.86364,1.0233157142857143,1.583668764583333,0.4791604166666666,1.3553100528421052
4XNQ_1,0.680979,0.2921002999999999,1.6864456546380953,0.3205763875,1.3331205490217388
4XNZ_1,7.76237,0.4387792962962967,1.1834416458333334,-0.02575849999999999,0.9362336710000001
4XP4_1,-5.82097,0.779078075,1.0766748883495145,1.1322160000000001,0.9747294790476189
4XTR_1,-12.2904,0.8409312666666667,1.4450603200000007,0.8175695454545455,1.297351297029703
4XVJ_1,-10.2939,0.58048715625,1.3660481927368422,0.3712593,1.0341001790000002
4XVT_1,-2.08933,0.9615158419354839,1.3836148872340426,0.1719570000000001,1.3211149666666662
4XXD_1,-12.4966,1.2464504824999996,1.2417385880597014,0.4121500378378379,1.1220204079729732
4Y5V_1,-4.02019,0.7108530636363636,1.4942002645833334,1.3845516047619049,1.4212974111111112
4Y5X_1,-4.40935,1.153858894736842,1.3663759295238094,0.8191093666666666,1.0206450006000005
4Y5Y_1,-7.90545,0.799415625,1.5193881149999995,0.8378696714285716,1.3464318195604397
4YBL_1,-6.5759,0.5407737833333335,1.1257579400980395,0.1994246,1.029905707843137
4YBQ_1,12.2478,-0.09179205555555553,1.2764140675643563,-0.24596878571428574,1.3616554265656566
4YC2_1,-4.31089,-0.33365725000000007,0.9805585825242719,0.02693462222222223,1.0400277833333333
4YC2_2,-4.47889,-0.15325057727272726,1.0383042827,0.4712806666666666,0.9548181039215684
4YDI_1,7.23008,0.1748959999999999,0.9298709605319146,-1.264021,0.7011125931372549
4YDJ_1,-4.2664,0.9968341509433963,1.3695133902439023,-1.0063575,0.7558970900990101
4YDK_1,-5.09641,1.180455436,1.5724303932692305,0.7731369285714287,1.1780286721875002
4YDL_1,-3.96819,1.4066143839999992,1.6190463010526317,0.5383422250000001,1.5011012682105265
4YDV_1,-10.7722,1.5241504849999996,1.285588956410256,1.0270567499999999,1.0082528295918365
4YE4_1,5.64696,0.606775375,1.122460108181818,0.2764393727272727,0.9711887399999999
4YFL_1,38.6708,-1.2325053589743589,-0.5066975321428573,-1.2439170000000002,-0.655571695145631
4YFL_2,32.6709,-1.17535894,-0.6744049852272727,-1.4057217499999999,-0.3401228346534653
4YHP_3,1.99416,1.135602,1.1995056055555555,0.8909288333333333,1.1119329201904757
4YK4_1,0.668236,0.35492065000000006,1.344368301904762,0.0,1.0804187854545455
4YO0_1,-11.6467,1.44558925,0.9192587680412367,0.13394499999999998,1.2889883640196076
4YPG_1,1.69547,0.5391815173913043,1.0261068716021506,0.382956,0.8905272124999997
4YQX_1,-4.64864,1.1340624789473681,1.3220966843137252,0.5915485294117646,1.365945405918367
4YR6_1,-7.43932,0.7208929212499998,1.5839347971698123,1.6228254444444445,1.2230239045
4YUE_1,-1.42403,0.49769879999999994,1.2053901734513273,0.5626450833333334,1.2186989138144328
4YWG_1,-9.12543,1.33101658,0.45582839163551375,0.611165380952381,0.4537013131111111
4YWG_2,-4.69732,1.399238142857143,0.6158776131601941,1.0171086666666664,0.4298272795698925
4YZF_1,3.16813,0.1245153260869565,0.6658712775304351,0.18309845454545454,1.2534464856019611
4Z0X_1,-10.5381,1.074906560526316,0.5920306,1.5670756153846155,1.0380142891304347
4Z5R_1,-0.299964,0.21677766363636364,1.2853922905263153,0.69694931875,1.2789033529591831
4ZFG_1,-11.4489,2.474135222222222,1.2745171820845924,1.4232350714285715,1.2665019032989693
4ZFO_1,-16.4794,1.1690602500000002,1.4329702718000001,1.2799109882352944,1.3299416118421055
4ZPT_1,4.14578,0.7573677894736841,0.9632310472368416,0.39390148888888893,1.0562559576086956
4ZS6_1,-6.88971,0.9424767133333333,0.8386665902243587,0.42872324999999994,1.1614437088118812
4ZS7_1,14.0564,0.41949738666666664,0.9059606336448598,-0.3387110210526317,1.0492312217391304
4ZSO_1,-8.593,1.028404385909091,1.1104370727272723,0.7877374444444445,1.1636730686868686
4ZTO_1,-9.09715,0.959315761904762,1.4222824137719297,0.9145146363636364,1.5525293413461538
4ZYP_1,7.05448,0.8928548444444444,0.9633479288461536,-1.0003750999999999,1.1657589990099007
5A3I_1,2.02154,1.1358899999999998,1.295521434259259,0.4730900833333333,1.2200021902912623
5ANM_2,1.08099,1.2278985714285715,0.6212046625786162,0.5328145833333333,0.679949302
5ANM_3,-1.17243,1.8319884416666665,0.6785765967619048,0.834518,1.0691800623762373
5ANY_1,491.283,-13.898278,-2.621042284044644,-6.913608060606061,0.1168683303797468
5AUM_1,-15.7509,1.3687621873333338,1.7972372112676054,1.5502215238095236,1.7033972268817203
5B3J_1,8.15658,0.4898139545454546,0.4982817138541667,0.7502014285714286,0.891553704059406
5B3J_2,7.53155,0.5800143636363636,0.8759224363636363,0.8191590428571429,0.8560399113861386
5B8C_1,-12.7755,1.2860538449999996,1.2530502456565653,0.9538369,1.490081417582418
5BO1_1,-14.6373,1.652308685714286,1.2756532951020407,0.6538344733333334,1.3175915323157896
5BV7_1,-10.4044,1.200225088,1.4014964960396041,0.7600867428571428,0.9440544620388349
5BV7_2,-11.402,0.9649448866666667,0.6992873981818181,0.6449235875,0.5476829970588238
5BVP_1,-7.47175,1.2545788833333333,1.4618088696969695,0.8999567692307693,1.188040585886598
5C0N_1,1.34299,0.427923375,1.2392574347321432,1.287571294117647,1.0531965350306125
5C0R_1,-6.03206,1.3817767142857142,0.7284672603703705,0.37796961538461527,0.9381855177083334
5C0S_1,4.21972,1.5169445187500001,1.1167090999999993,0.0,1.0781442360714284
5C7X_1,-6.53491,1.5583807391304347,1.141754260638298,0.5476662991304346,1.0688838607142856
5C8J_1,11.6056,-0.749362,0.7447414981282051,0.0,0.4279331990909092
5CD5_1,17.4637,-0.13389159999999994,0.8728418583333334,-1.4303549999999998,0.8705546312999999
5CEZ_1,-2.06058,1.4425978750000001,1.034236876451613,0.482024125,0.4529766398058252
5CIL_1,-14.1342,1.498321015151515,1.2993657141509436,0.6954893777777778,1.4273913964705882
5CIN_1,-16.2277,1.7332918203333334,1.2693975266055046,0.7364960222222222,1.4344942323529413
5CJO_1,-11.3718,1.2121149411764707,0.8838954562500003,0.0,0.7131157301941748
5CSZ_1,-8.95279,0.8907734666666667,1.3927614636363637,1.5915902857142856,1.1755104884615386
5CUS_1,-6.7949,0.9088058000000001,1.1315365147058825,0.4259940571428572,1.1710138614285714
5CWS_1,2.25586,0.5695345614285715,-0.24847938824034355,0.5131882499999999,0.6902073770114943
5CZV_1,0.758765,0.9241899647058824,0.6377757920061725,0.3409231666666666,1.2686229525773196
5CZX_1,-7.68258,1.2674275,0.928029382157895,0.8535410769230769,1.3277175798969065
5D72_1,-5.72702,1.512719434782609,1.3852042468085106,0.9355012583333333,1.2740804389518072
5D8J_1,-10.9023,1.0823995176470589,0.9231703705882353,-0.10165173750000008,1.043593519417476
5D93_1,-7.18712,0.6462294562500001,1.427884513,1.56966288,1.345022095
5D96_1,-4.66558,0.8150790277777779,1.2814085590000002,1.162440272727273,0.9925892552040818
5D9Q_1,3.02912,0.9373125,1.1990397032520317,0.07128810000000006,0.9909741765306128
5DD0_1,-6.50986,1.3442876791666667,1.3741986930434782,0.0,1.076079245370371
5DFV_1,-7.53227,1.04500806875,0.4929867067708334,0.9640487692307691,0.949515373
5DHV_1,-13.0377,1.1558894505555557,1.6237103237373736,1.5418110909090912,1.5192881665656564
5DLM_1,-1.59409,1.0915597058823527,1.2560722639506174,1.5844914575757574,1.2561300913580244
5DMG_1,-7.33833,0.8481535650000002,1.2911692818181821,1.0215508828571427,1.077015908974359
5DMI_1,-2.24443,0.7487370999999999,1.2335492923214286,0.5983840500000002,1.0553303670212764
5DO2_1,0.553739,0.3023757315789473,1.1206234091803278,0.6552857272727274,1.291454853218391
5DRZ_1,-6.6636,1.9284357499999996,1.3067786564166668,1.4000928285714287,1.202029091980198
5DSC_1,2.80879,1.1059560833333335,1.3095825280373827,-1.95746625,1.0621214112149535
5DUM_1,1.13066,0.2517933,1.0618968943396228,0.0,0.7918582407407406
5DUP_1,13.6632,-0.9993589999999999,0.1516681232110091,-0.2789032454545455,0.230845542
5DUR_1,3.63034,0.6375665764705882,1.3686179108737864,0.5758827357142857,1.280718677777778
5DWU_1,8.02553,-4.097288526315789,-2.208411218556701,0.1421586818181818,0.3438625258585858
5E2W_1,-0.332594,1.0021173428571426,1.5071442287387387,1.061731875,1.4239248464646468
5E8D_1,-7.62994,0.9366749230769231,0.9731252971428573,0.4931113210526318,0.5175953298850574
5E8E_1,-7.33378,1.3831084545454544,1.3471762811559145,0.0,1.3276029945454546
5E94_1,-18.8626,1.4968490909090912,1.7154566953465342,1.172180375,1.2425195568627452
5EA0_1,-9.33635,0.7872487130434783,1.3444649280373835,1.48743105,1.3012714656862743
5EII_1,-12.6244,1.55399576875,1.4583545768518518,-0.2911425714285715,1.2858551747572815
5EN2_1,-12.8528,1.5388180000000002,1.4607573347959182,1.5081741,1.1972287252525253
5EOC_1,-2.98382,0.95548025,1.0521804612068968,-1.5218238333333336,0.9489826303960396
5EOC_2,1.54117,0.3131898833333333,0.8943797759016392,-1.2809942500000002,1.000496046
5EOQ_1,-15.8338,2.4706484166666662,1.6432386299065422,1.2354024285714285,1.3952852340000002
5EOR_1,-0.0146977,1.3547206666666665,1.6066738509708738,1.6235718095238094,1.364794639361702
5EPM_1,-0.647746,0.5309916235294116,1.2661621089108914,1.0681399285714286,1.6102784820000002
5ERW_1,-1.07529,1.0259632352941175,0.9657341952252252,-0.2447990909090909,0.8605713255102041
5ESV_1,-5.28917,1.2765069,1.5032189169491523,0.0,1.1660516522522515
5ESZ_1,0.815543,0.528165,1.297015561239669,0.0,1.0452260361261265
5ESZ_2,2.45067,-0.25198814285714277,1.0436923833333331,0.0,0.7442726723148149
5EU7_1,-11.4816,0.8295058925925924,1.5414734242718442,-0.7787586,1.0248585154285714
5EZO_1,3.88406,0.5535166869230769,1.170253279245283,0.9948923124999999,0.8112616819354839
5F3B_1,-14.4101,0.912815875,1.4946458521739132,0.6547310272727273,1.3449520474747474
5F3H_1,-7.70983,0.7734533478260868,1.0892053917204303,0.5137956363636363,0.9653722757575759
5F6J_1,9.1877,0.9647643062499998,1.2761353752475246,-0.37794291666666663,1.00733722
5F96_1,4.66647,0.8956393107142858,1.5775658170212767,0.49775774999999994,1.1624363276237624
5F9O_1,3.309,0.7053831904761905,1.6621074277227725,0.4199517888888889,1.2521266517999996
5F9W_1,3.94325,0.9175973333333334,1.1959666519230765,-0.08299022222222233,1.2458418781
5FB8_1,-6.55529,1.3715976842105262,1.2564242655421567,1.1112624230769232,1.4174341366336634
5FCU_1,-10.257,1.4014702277777775,1.5888096999999999,1.1930443333333334,1.3402668811320755
5FEC_1,-0.257998,0.9393631479999998,1.2341580306382982,-0.5778990399999999,0.89957348125
5FEC_2,7.67735,1.3622619680000003,1.2307701507526874,-0.8448410000000001,1.1294308150000003
5FGB_1,-5.9485,0.9606006814814815,1.5843384323232321,2.078495,1.2828129416666665
5FGB_2,-6.87985,0.9850915119999999,1.4898005672448977,0.399007,1.3728253699029127
5FGC_1,-10.2135,0.8564062636363635,1.4276929446601943,0.9516601428571427,1.2567540456310675
5FHC_1,19.5014,1.2418041888888889,1.3217899397826085,-0.1461595,1.2838456046464644
5FHC_2,5.46214,0.29867741176470586,0.8233563367475726,0.1481051999999999,1.2315222874509801
5FUU_1,1.63411,0.38700337500000004,0.7374849432841329,0.7574502545454546,1.1686728732673268
5FYK_2,3.69023,0.9899473923076925,0.7726904182795697,-0.7809337,0.4141147168421053
5FYL_1,0.297176,1.3219798749999998,0.6424995217741937,0.38656731111111114,0.5144136792079207
5GGR_1,15.5622,-0.3325259428571428,0.8271654999999997,-1.047121875,0.8341349294117648
5GGS_1,-10.3692,1.674256821666667,1.0937633284210526,0.9639636486363637,1.4297788369565219
5GGT_1,-4.85844,1.4853306933333335,0.640377959813084,-1.0244208000000001,0.8526618555769232
5GIR_1,-12.1802,1.012741362790698,1.0946770632911393,0.675982088235294,1.4610317373333332
5GJS_1,-6.11588,1.0558939722222225,1.212843439019608,0.28143524999999997,1.2695812303921565
5GJT_1,-9.60858,1.2386123421052633,1.3349779619801978,0.68979075,1.299015701372549
5GS0_3,3.01082,0.7024648181818182,0.8857651254054054,-0.004777533333333394,0.8677319201847827
5GZN_1,7.11473,0.5541410770833332,1.2201157683544301,-0.15236901200000005,1.2702637768181815
5GZO_1,5.453,0.09403466666666672,1.2421121316842103,0.5538646769230771,0.7184619546391754
5H35_1,-5.35064,1.048641087142857,0.9793823551020409,0.41831165475,1.1905100132075475
5HDQ_1,-7.69038,0.93733513125,1.2318315490384615,0.5955059272727272,1.275054100192308
5HI4_1,-14.1398,1.0284447555555556,1.3922697099999999,1.4007070833333335,1.111063093069307
5HJ3_1,-4.03184,0.32391664999999986,0.9575575219047618,0.3868592499999999,0.9476428733999999
5HYS_3,-6.31084,1.1582442312499999,1.0412248269905953,2.198892875,1.020651483018868
5I5K_1,7.58796,0.548542,0.6639370723157895,0.01327809999999996,0.34274674429999996
5I8C_1,-9.66953,0.9456577954545456,1.4138530657407407,0.37073100000000003,1.4710611669900993
5I9Q_1,2.26257,0.5570208965517244,1.2045322766666664,0.45459343999999996,0.7481685587628866
5IBL_1,0.285674,1.3721733999999999,1.1295009382608692,0.4912146875000001,1.1902009412621364
5IES_1,-1.25697,1.3776144485000004,1.4271452897959183,0.20064522,1.3459428393617023
5IG7_1,nan,nan,nan,nan,nan
5IGX_1,23.6215,0.16223746666666658,1.1363055633663368,-1.8780750000000002,0.6551373852475249
5IJK_1,-3.74464,0.8190723999999999,1.201641262982456,0.0478710857142857,1.2180880126213591
5IKC_1,-13.3904,1.4842394705882351,1.2505247237113402,0.7834605384615384,1.1983578969072164
5IQ7_1,-8.95207,1.0523914444444444,0.944853957744361,0.06592111428571433,1.0029189500961533
5IQ9_1,-8.09113,1.2424651527586206,1.4859394135000001,0.7179707142857142,1.2428898944230768
5J13_1,-10.0714,1.0588700595744682,1.3201810373333334,0.06503575000000003,1.239737646601942
5J3D_1,3.83493,0.8350945624999998,0.23036962552287582,0.04319049999999991,0.9551852446601945
5J3H_1,0.337126,1.4361508666666671,1.466762968316832,0.30678098181818175,1.1308535238613862
5JHL_1,-0.0440326,0.6524625000000001,0.6894667336170212,-0.34622155555555556,1.0750944070707074
5JQ6_1,-8.10154,1.786870358571429,1.1572109752380952,1.2218633086470587,1.3127352244897956
5JW4_1,-7.14183,1.2440934999999997,1.3762655981481484,-0.4759129375,1.0604649694736838
5JZ7_1,-14.8882,1.0071539409090908,1.1571087570754721,0.5280301267058823,1.1653617397849463
5K59_1,-12.1543,0.14351538888888887,0.8991454534653465,0.642462,0.8931901103030302
5K9K_1,-10.3094,0.855044875,0.894066242909091,0.1939287692307692,1.1587368709183674
5K9O_1,7.4322,-0.4752899142857142,0.25981772408695664,-2.1220905454545456,-0.25724003557692304
5K9Q_1,-8.5733,0.8538082333333332,1.2396255563636365,1.061954743,0.9973876324509806
5KAQ_1,-4.64477,0.19617144999999997,0.6015182090090091,-1.26626702,0.7085539178761904
5KEL_1,0.160321,0.35745332499999993,0.3164563487323944,0.39601706000000003,0.9163154946391749
5KEM_2,-2.78396,0.56151431875,0.4398202933333334,0.26201744000000005,0.8593852241237113
5KEN_1,3.73468,0.631865050909091,1.1307445890171715,0.8644174545454546,0.8412211682187501
5KEN_3,1.32475,0.29664986666666665,0.25630734689814816,0.3835945533333334,1.0449617848913042
5KJR_1,-1.84787,1.1535200555555558,0.48600812211538474,0.21421699999999977,0.36353079384615394
5KN5_1,-11.0078,1.7591926666666664,1.1775895550000004,0.7581069999999999,1.357214702121212
5KTE_1,8.00577,-5.617278563076923,0.6247062739603959,-1.3416191818181817,0.6499294965306122
5KVD_1,-10.8792,1.4455877325581397,1.3004083277173912,0.4450377272727273,1.4080683237500002
5KVE_1,-3.83373,1.1416583363636366,1.3359706771134021,1.2451582799999996,1.2455028323232327
5KVF_1,-7.63156,1.3414642125,1.2291395632850235,1.2699352999999998,1.271823824059406
5KVG_1,-7.74838,1.0102241764705884,1.2278326053658535,1.56111925,1.1589429056179776
5KW9_1,-3.38752,1.1467019999999999,1.277417193948276,0.9388664736842104,0.9351060979381444
5L0Q_1,-9.1357,1.316025152173913,0.6076445305333332,1.599773714285714,1.1726673115625001
5L6Y_1,-16.4275,0.9730207999999999,1.2504764873275862,1.0252473888888889,1.4630513043478264
5LBS_1,1.17612,0.0,1.5536656466666667,0.4921312183333333,1.4468784048484846
5LCV_1,1.93989,1.247467888888889,1.4372091739130433,-1.122015,1.168025377090909
5LQB_1,-0.308005,1.3302464999999999,1.075100501010101,0.15310547499999996,1.367972691089109
5MES_1,2.88096,0.34455436576923076,1.024058055614754,0.6265856,1.250826043137255
5MHR_1,-5.844,2.0678170000000002,1.3026448657564578,0.9191680235294118,1.3436756978260869
5MHS_3,3.82368,0.5261356249999999,1.0338141231835207,0.24070471428571424,0.4851107420560749
5MVZ_1,-3.04951,0.21242990526315783,1.191005457575757,0.49089046142857135,0.9846217310679608
5SX5_1,-8.38223,1.2156154210526318,1.147619620479452,0.8571610076923075,1.3181208944329899
5SY8_1,-20.0798,1.6935265689655172,1.7219729333333333,0.2885878571428572,1.2199982230097088
5T29_1,-16.5872,1.5380650033333332,1.5815583533663364,0.43225042857142865,0.9725306114423076
5T33_1,1.93116,0.18189320000000003,1.1359645085714283,0.46057604761904763,0.8537319806741571
5T5B_1,-18.6089,1.5443860333333332,1.829065498019802,0.4158874571428572,1.1676124019230771
5T5F_1,-9.6984,1.0823426923076924,1.3367614458437502,1.3367641615384616,1.2550809980198019
5T6L_1,-15.416,1.4357667666666662,1.623162748019802,0.6274745857142857,1.3551844562788464
5T6P_1,-3.98916,1.299752923529412,1.208794842755102,1.4280763314285716,1.50899626835443
5TBD_1,-4.37859,1.5109483125,1.3130917316326531,1.8387980454545454,1.4066734204545455
5TE7_1,-5.44402,1.6027876709677424,1.4866256747252746,1.4174864,1.3522690045544556
5TFW_1,-18.3013,1.7927025206896547,1.667503104901961,0.4404762857142857,1.1049572378640775
5TH9_1,-9.34333,1.465799788235294,1.4956128846938774,0.7072160649999999,1.0265120029347823
5THR_1,-1.33722,0.3234262266666667,0.6715111731250002,0.0,0.4328099254716981
5TIH_1,-4.6097,1.5055484375000001,1.5315451577777774,1.1976711583333335,1.2109247690721647
5TLJ_3,-7.64222,0.8096830941176469,1.011416788,0.9783910857142856,0.9534062418000002
5TLK_1,-8.51367,0.8688136923076922,1.4132297805825247,1.2252717941176472,1.319426032783505
5TLK_3,-10.7098,1.8567450714285716,1.2535381861904764,0.58236713,1.1707248428846155
5TPN_1,8.21511,-0.15846543181818176,0.5781401205882354,-0.9068590333333333,0.6710487576530609
5TQQ_1,-8.66047,0.988588852,0.9425273465116282,1.1268783999999998,0.7846805432945657
5TZ2_1,-2.3208,0.43813716842105255,1.192894871089109,1.3300926,1.1744441639000005
5TZT_1,1.79979,0.9952898461538461,0.7640078854368934,-0.17481449999999996,0.726585098019802
5TZU_1,-19.6581,1.4100668499999998,1.41899948367347,1.0932557857142857,1.2215132781249998
5U3J_1,-9.93741,1.04668333,1.1478729124242424,0.0,0.816809351857143
5U3L_1,-13.9916,1.6902069413793104,1.43360620409836,0.0,1.2725875553571426
5U3M_1,-9.73149,1.1912138296969697,1.2624756326612907,0.0,0.8565412919642857
5U3N_1,-13.8297,1.6505466454545457,1.1688343375409838,0.0,1.1824232460714288
5U3O_1,-12.7745,1.9077513269230775,1.468472816341463,0.0,1.2631763586486486
5UGY_1,-3.18827,0.5381413181818181,1.0458385991153845,0.10023309999999996,0.8681092899999999
5UQY_1,-12.5025,1.7297941111111108,1.3767817336448598,0.08967798181818186,1.1296851887755102
5V2A_1,15.5336,-1.329985878571429,0.3464504755238096,-0.6534945833333333,0.3086012343809523
5WTH_1,8.52986,-0.638355,0.5107002504201679,-0.7162485555555556,0.18611497316326528
5X08_1,-16.3832,1.6693141964285716,1.4183503366055044,0.7029945333333333,1.4497312960784314
